DEM Mean,DEM Std,NDVI Mean,NDVI Std
3.340416535132083,0.2572306456792153,-0.3982375116103313,0.21176221556915964
